{
  "2024-2029": {
    "electricity_kwh": 0.000289,
    "gas_therms": 0.005311,
    "fuel_oil_2_gallons": 0.010278,
    "fuel_oil_4_gallons": 0.01091705,
    "steam_mlb": 0.04493
  },
  "2030-2034": {
    "electricity_kwh": 0.000145,
    "gas_therms": 0.005311,
    "fuel_oil_2_gallons": 0.010278,
    "fuel_oil_4_gallons": 0.01091705,
    "steam_mlb": 0.04493
  },
  "2035-2039": {
    "electricity_kwh": 0.000087,
    "gas_therms": 0.005311,
    "fuel_oil_2_gallons": 0.010278,
    "fuel_oil_4_gallons": 0.01091705,
    "steam_mlb": 0.04493
  },
  "2040-2049": {
    "electricity_kwh": 0,
    "gas_therms": 0.005311,
    "fuel_oil_2_gallons": 0.010278,
    "fuel_oil_4_gallons": 0.01091705,
    "steam_mlb": 0.04493
  },
  "2050": {
    "electricity_kwh": 0,
    "gas_therms": 0.005311,
    "fuel_oil_2_gallons": 0.010278,
    "fuel_oil_4_gallons": 0.01091705,
    "steam_mlb": 0.04493
  }
}
